Topic1,Topic2,Topic3,Topic4,Topic5,Topic6,Topic7,Topic8,Topic9,Topic10,Topic11,Topic12,Topic13,Topic14,Topic15,Topic16,Topic17,Topic18,Topic19,Topic20
tax,jury,state,school,footnote,employees,court,court,act,obscene,communist,university,general,mr,opinion,legislative,public,candidates,limits,ordinance
rfra,FALSE,court,religious,grand,employee,district,speech,pp,obscenity,party,policy,attorney,said,post,privilege,forum,footnote,election,city
religious,statements,supreme,schools,information,public,judgment,amendment,government,material,organization,speech,advertising,film,joined,senator,picketing,candidate,candidate,ordinances
cable,damages,statute,religion,jury,employment,injunction,government,united,statute,board,student,briefs,plaintiff,filed,committee,property,election,candidates,permit
act,petitioner,fourteenth,establishment,press,labor,prison,opinion,congress,standards,foreign,students,cause,office,court,inquiry,city,contributions,federal,streets
burden,malice,pp,clause,privilege,union,appeals,interest,states,materials,registration,association,solicitor,justice,blackmun,debate,signs,political,contributions,license
broadcasting,trial,appellant,education,news,board,review,joined,overthrow,miller,control,program,argued,films,jj,questions,manner,congress,political,municipal
communications,respondent,appeal,students,trial,concern,remanded,pp,force,sexual,movement,forum,assistant,ohio,brennan,house,access,commission,buckley,nude
fcc,new,amendment,program,criminal,employer,relief,law,acts,exhibition,organizations,hastings,brief,paper,rehnquist,speech,sound,disclosure,bcra,snepps
television,times,appellants,student,amendment,political,held,filed,oath,children,soviet,activities,curiae,stated,dissenting,subcommittee,park,expenditures,campaign,liquor